W,0x441780a,0
R,0x4417812,
W,0x4417742,3898135311
R,0x4417742,
R,0x441780a,
W,0x44179a2,3898135710
R,0x44179a2,
W,0x4417922,3898135710
R,0x4417922,
W,0x4417926,0
W,0x4417922,3
W,0x441791a,3898135879
R,0x4417922,
R,0x441791a,
R,0x4417a4a,
W,0x4417912,3898141493
R,0x441791a,
R,0x4417a52,
W,0x441790e,10
R,0x4417912,
R,0x441790e,
W,0x44177d2,3898135543
W,0x44177ca,3898141493
W,0x44177c6,10
R,0x44177ca,
W,0x44177ba,1142540535
W,0x44177b9,0
R,0x44177c6,
W,0x44177da,3898135229
R,0x44177da,
W,0x44177f2,3898135229
R,0x44177f2,
W,0x44176c2,3898135543
W,0x44176ba,10
W,0x44176b2,3898135229
R,0x44176c2,
R,0x44176ba,
R,0x44176b2,
W,0x44175fa,10
W,0x44175f2,3898135229
R,0x44175fa,
R,0x44175f2,
W,0x4417612,3898134774
W,0x441760a,3898135229
R,0x4417612,
R,0x441760a,
W,0x4417622,3898134774
W,0x441761a,3898135229
R,0x4417622,
W,0x441757a,3898134774
W,0x4417572,268435455
R,0x441757a,
W,0x4417582,3898134774
R,0x4417582,
W,0x441758a,3898134774
R,0x441758a,
W,0x4417592,3898134774
R,0x4417592,
W,0x441756a,268435455
W,0x44174ea,3898134647
W,0x44174e2,3898134639
R,0x44174e2,
R,0x441756a,
R,0x44174ea,
R,0x4417572,
R,0x44174ea,
W,0x44174f2,3898134647
R,0x44174f2,
R,0x4417572,
W,0x4417602,3898134774
R,0x4417602,
W,0x4417592,3898134774
R,0x4417592,
R,0x44175fa,
R,0x44176b2,
W,0x4417622,3898135543
W,0x441761a,10
W,0x4417612,3898135229
R,0x4417622,
R,0x4417612,
W,0x4417572,3898135543
W,0x441756a,3898135229
R,0x4417572,
R,0x441756a,
W,0x4417582,3898135543
W,0x441757a,3898135229
R,0x4417582,
R,0x441757a,
W,0x4417592,3898135543
W,0x441758a,3898135229
R,0x4417592,
W,0x4417522,3898135543
R,0x4417522,
W,0x44178f2,0
W,0x44178fa,0
W,0x4417902,0
R,0x441761a,
W,0x4417592,3898135543
W,0x441758a,10
R,0x4417592,
R,0x441758a,
W,0x4417532,3898135543
W,0x441752a,10
R,0x4417532,
R,0x441752a,
R,0x441752a,
W,0x4417542,3898135543
W,0x441753a,10
R,0x4417542,
R,0x441753a,
W,0x44174ca,3898135543
W,0x44174c2,10
W,0x44174ba,0
R,0x44174ca,
R,0x44174c2,
W,0x44174d2,3898135543
R,0x44174d2,
R,0x44174c2,
W,0x44178f2,1142541527
R,0x44178f2,
W,0x44178fa,1142541527
R,0x44178f2,
R,0x441758a,
W,0x4417902,1142541607
R,0x44176ba,
W,0x4417622,3898135543
W,0x441761a,10
R,0x4417622,
R,0x44178f2,
R,0x441761a,
W,0x44175e2,3898135543
R,0x44175e2,
W,0x44175e2,1142541527
W,0x44175da,10
W,0x44175d2,3898135543
R,0x44175e2,
R,0x44175da,
W,0x4417592,1142541527
W,0x441758a,10
W,0x4417589,1
R,0x4417592,
R,0x441758a,
W,0x4417552,1142541527
W,0x441754a,10
R,0x441754a,
R,0x4417552,
W,0x4417542,1142541527
R,0x4417542,
W,0x44174d2,1142541527
R,0x44174d2,
W,0x0,0
R,0x4417552,
W,0x4417552,1142541535
R,0x4417552,
R,0x441754a,
R,0x4417542,
W,0x44174ca,1142541535
W,0x44174c2,9
W,0x44174ba,1142541527
R,0x44174ca,
R,0x44174c2,
W,0x4417462,9
R,0x4417462,
R,0x44174ba,
W,0x44174d2,3898134479
W,0x4417452,1142541535
W,0x441744a,9
W,0x4417442,1142541527
R,0x441744a,
R,0x4417452,
R,0x4417452,
R,0x441744a,
R,0x4417442,
W,0x44173c2,1142541535
W,0x44173ba,1142541607
W,0x44173b2,1142541527
R,0x44173c2,
R,0x44173ba,
R,0x44173b2,
W,0x4417372,1142541535
W,0x441736a,1142541607
W,0x4417362,1142541527
R,0x4417362,
R,0x0,
W,0x441735a,0
R,0x4417372,
R,0x441736a,
R,0x441735a,
R,0x4417372,
W,0x8,0
R,0x4417372,
W,0x4417372,1142541543
R,0x4417372,
R,0x441736a,
R,0x441735a,
R,0x4417372,
W,0x10,0
R,0x4417372,
W,0x4417372,1142541551
R,0x4417372,
R,0x441736a,
R,0x441735a,
R,0x4417372,
W,0x18,0
R,0x4417372,
W,0x4417372,1142541559
R,0x4417372,
R,0x441736a,
R,0x441735a,
R,0x4417372,
W,0x20,0
R,0x4417372,
W,0x4417372,1142541567
R,0x4417372,
R,0x441736a,
R,0x441735a,
R,0x4417372,
W,0x28,0
R,0x4417372,
W,0x4417372,1142541575
R,0x4417372,
R,0x441736a,
R,0x441735a,
R,0x4417372,
W,0x30,0
R,0x4417372,
W,0x4417372,1142541583
R,0x4417372,
R,0x441736a,
R,0x441735a,
R,0x4417372,
W,0x38,0
R,0x4417372,
W,0x4417372,1142541591
R,0x4417372,
R,0x441736a,
R,0x441735a,
R,0x4417372,
W,0x40,0
R,0x4417372,
W,0x4417372,1142541599
R,0x4417372,
R,0x441736a,
R,0x441735a,
R,0x4417372,
W,0x48,0
R,0x4417372,
W,0x4417372,1142541607
R,0x4417372,
R,0x441736a,
R,0x4417452,
R,0x441744a,
W,0x4417462,1142541607
R,0x4417462,
W,0x4417552,1142541607
R,0x4417552,
W,0x44178fa,1142541607
W,0x44177e2,3898135229
R,0x44177e2,
W,0x44176c2,3898135229
R,0x44176c2,
W,0x4417796,0
R,0x4417796,
R,0x44177c6,
R,0x44177ba,
R,0x441779a,
R,0x4417796,
W,0x44176c2,3898135543
W,0x44176ba,0
R,0x44176c2,
R,0x44178f2,
R,0x44176ba,
W,0x0,524019179
R,0x4417796,
W,0x4417796,1
R,0x4417796,
R,0x44177c6,
R,0x44177ba,
R,0x441779a,
R,0x4417796,
W,0x44176c2,3898135543
W,0x44176ba,1
R,0x44176c2,
R,0x44178f2,
R,0x44176ba,
W,0x8,474222644
R,0x4417796,
W,0x4417796,2
R,0x4417796,
R,0x44177c6,
R,0x44177ba,
R,0x441779a,
R,0x4417796,
W,0x44176c2,3898135543
W,0x44176ba,2
R,0x44176c2,
R,0x44178f2,
R,0x44176ba,
W,0x10,538633511
R,0x4417796,
W,0x4417796,3
R,0x4417796,
R,0x44177c6,
R,0x44177ba,
R,0x441779a,
R,0x4417796,
W,0x44176c2,3898135543
W,0x44176ba,3
R,0x44176c2,
R,0x44178f2,
R,0x44176ba,
W,0x18,68096533
R,0x4417796,
W,0x4417796,4
R,0x4417796,
R,0x44177c6,
R,0x44177ba,
R,0x441779a,
R,0x4417796,
W,0x44176c2,3898135543
W,0x44176ba,4
R,0x44176c2,
R,0x44178f2,
R,0x44176ba,
W,0x20,1850442824
R,0x4417796,
W,0x4417796,5
R,0x4417796,
R,0x44177c6,
R,0x44177ba,
R,0x441779a,
R,0x4417796,
W,0x44176c2,3898135543
W,0x44176ba,5
R,0x44176c2,
R,0x44178f2,
R,0x44176ba,
W,0x28,1916023298
R,0x4417796,
W,0x4417796,6
R,0x4417796,
R,0x44177c6,
R,0x44177ba,
R,0x441779a,
R,0x4417796,
W,0x44176c2,3898135543
W,0x44176ba,6
R,0x44176c2,
R,0x44178f2,
R,0x44176ba,
W,0x30,310990938
R,0x4417796,
W,0x4417796,7
R,0x4417796,
R,0x44177c6,
R,0x44177ba,
R,0x441779a,
R,0x4417796,
W,0x44176c2,3898135543
W,0x44176ba,7
R,0x44176c2,
R,0x44178f2,
R,0x44176ba,
W,0x38,1509837661
R,0x4417796,
W,0x4417796,8
R,0x4417796,
R,0x44177c6,
R,0x44177ba,
R,0x441779a,
R,0x4417796,
W,0x44176c2,3898135543
W,0x44176ba,8
R,0x44176c2,
R,0x44178f2,
R,0x44176ba,
W,0x40,1778458847
R,0x4417796,
W,0x4417796,9
R,0x4417796,
R,0x44177c6,
R,0x44177ba,
R,0x441779a,
R,0x4417796,
W,0x44176c2,3898135543
W,0x44176ba,9
R,0x44176c2,
R,0x44178f2,
R,0x44176ba,
W,0x48,678166610
R,0x4417796,
W,0x4417796,10
R,0x4417796,
R,0x44177c6,
R,0x44177ba,
W,0x44177b9,1
R,0x44177b9,
W,0x44177f2,3898135543
W,0x44177ea,0
R,0x44177f2,
R,0x44178f2,
R,0x44177ea,
R,0x441790e,
W,0x44177f2,1142541527
W,0x44177ea,0
W,0x44177e2,9
R,0x44177ea,
R,0x44177e2,
R,0x44177e2,
R,0x44177ea,
W,0x44177da,10
R,0x44177ea,
R,0x44177e2,
W,0x44177d2,4
R,0x44177f2,
R,0x44177ea,
R,0x44177d2,
W,0x4417582,1142541527
W,0x441757a,0
W,0x4417572,4
R,0x441757a,
R,0x4417572,
R,0x4417572,
R,0x441757a,
W,0x441756a,5
R,0x441757a,
R,0x4417572,
W,0x4417562,2
R,0x4417582,
R,0x441757a,
R,0x4417562,
W,0x4417312,1142541527
W,0x441730a,0
W,0x4417302,2
R,0x441730a,
R,0x4417302,
R,0x4417302,
R,0x441730a,
W,0x44172fa,3
R,0x441730a,
R,0x4417302,
W,0x44172f2,1
R,0x4417312,
R,0x441730a,
R,0x44172f2,
W,0x44170a2,1142541527
W,0x441709a,0
W,0x4417092,1
R,0x441709a,
R,0x4417092,
R,0x4417092,
R,0x441709a,
W,0x441708a,2
R,0x441709a,
R,0x4417092,
W,0x4417082,0
R,0x44170a2,
R,0x441709a,
R,0x4417082,
W,0x4416e32,1142541527
W,0x4416e2a,0
W,0x4416e22,0
R,0x4416e2a,
R,0x4416e22,
R,0x44170a2,
R,0x4417082,
R,0x4417092,
W,0x4416e32,1142541527
W,0x4416e2a,1
W,0x4416e22,1
R,0x4416e2a,
R,0x4416e22,
R,0x441708a,
W,0x441707a,3898132815
W,0x4417072,2
R,0x441709a,
W,0x441706a,0
R,0x4417082,
W,0x4417062,1
W,0x441705a,0
R,0x441705a,
R,0x441708a,
R,0x441706a,
R,0x4417082,
R,0x4417062,
R,0x4417092,
R,0x44170a2,
R,0x441706a,
R,0x0,
R,0x44170a2,
R,0x4417062,
R,0x8,
R,0x44170a2,
R,0x4417062,
W,0x4417062,2
R,0x8,
R,0x441705a,
W,0x4416e3a,474222644
R,0x441705a,
W,0x441705a,1
R,0x441705a,
R,0x441708a,
R,0x441706a,
R,0x4417082,
R,0x4417062,
R,0x4417092,
R,0x44170a2,
R,0x441706a,
W,0x441706a,1
R,0x0,
R,0x441705a,
W,0x4416e42,524019179
R,0x441705a,
W,0x441705a,2
R,0x441705a,
R,0x441708a,
W,0x4417052,0
R,0x441709a,
W,0x441704a,0
R,0x4417052,
R,0x441708a,
R,0x4417052,
R,0x4416e3a,
R,0x44170a2,
R,0x441704a,
W,0x0,474222644
R,0x4417052,
W,0x4417052,1
R,0x441704a,
W,0x441704a,1
R,0x4417052,
R,0x441708a,
R,0x4417052,
R,0x4416e42,
R,0x44170a2,
R,0x441704a,
W,0x8,524019179
R,0x4417052,
W,0x4417052,2
R,0x441704a,
W,0x441704a,2
R,0x4417052,
R,0x441708a,
R,0x441707a,
R,0x4417312,
R,0x44172f2,
R,0x4417302,
W,0x44170a2,1142541527
W,0x441709a,2
W,0x4417092,2
R,0x441709a,
R,0x4417092,
R,0x44172fa,
W,0x44172ea,3898133439
W,0x44172e2,3
R,0x441730a,
W,0x44172da,0
R,0x44172f2,
W,0x44172d2,2
W,0x44172ca,0
R,0x44172ca,
R,0x44172fa,
R,0x44172da,
R,0x44172f2,
R,0x44172d2,
R,0x4417302,
R,0x4417312,
R,0x44172da,
R,0x0,
R,0x4417312,
R,0x44172d2,
R,0x10,
R,0x4417312,
R,0x44172da,
W,0x44172da,1
R,0x0,
R,0x44172ca,
W,0x441709a,474222644
R,0x44172ca,
W,0x44172ca,1
R,0x44172ca,
R,0x44172fa,
R,0x44172da,
R,0x44172f2,
R,0x44172d2,
R,0x4417302,
R,0x4417312,
R,0x44172da,
R,0x8,
R,0x4417312,
R,0x44172d2,
R,0x10,
R,0x4417312,
R,0x44172da,
W,0x44172da,2
R,0x8,
R,0x44172ca,
W,0x44170a2,524019179
R,0x44172ca,
W,0x44172ca,2
R,0x44172ca,
R,0x44172fa,
R,0x44172da,
R,0x44172f2,
R,0x4417312,
R,0x44172d2,
W,0x44172d2,3
R,0x10,
R,0x44172ca,
W,0x44170aa,538633511
R,0x44172ca,
W,0x44172ca,3
R,0x44172ca,
R,0x44172fa,
W,0x44172c2,0
R,0x441730a,
W,0x44172ba,0
R,0x44172c2,
R,0x44172fa,
R,0x44172c2,
R,0x441709a,
R,0x4417312,
R,0x44172ba,
W,0x0,474222644
R,0x44172c2,
W,0x44172c2,1
R,0x44172ba,
W,0x44172ba,1
R,0x44172c2,
R,0x44172fa,
R,0x44172c2,
R,0x44170a2,
R,0x4417312,
R,0x44172ba,
W,0x8,524019179
R,0x44172c2,
W,0x44172c2,2
R,0x44172ba,
W,0x44172ba,2
R,0x44172c2,
R,0x44172fa,
R,0x44172c2,
R,0x44170aa,
R,0x4417312,
R,0x44172ba,
W,0x10,538633511
R,0x44172c2,
W,0x44172c2,3
R,0x44172ba,
W,0x44172ba,3
R,0x44172c2,
R,0x44172fa,
R,0x44172ea,
R,0x4417582,
R,0x4417562,
R,0x4417572,
W,0x4417312,1142541527
W,0x441730a,3
W,0x4417302,4
R,0x441730a,
R,0x4417302,
R,0x4417302,
R,0x441730a,
W,0x44172fa,2
R,0x441730a,
R,0x4417302,
W,0x44172f2,3
R,0x4417312,
R,0x441730a,
R,0x44172f2,
W,0x44170a2,1142541527
W,0x441709a,3
W,0x4417092,3
R,0x441709a,
R,0x4417092,
R,0x4417312,
R,0x44172f2,
R,0x4417302,
W,0x44170a2,1142541527
W,0x441709a,4
W,0x4417092,4
R,0x441709a,
R,0x4417092,
R,0x44172fa,
W,0x44172ea,3898133439
W,0x44172e2,2
R,0x441730a,
W,0x44172da,3
R,0x44172f2,
W,0x44172d2,4
W,0x44172ca,0
R,0x44172ca,
R,0x44172fa,
R,0x44172da,
R,0x44172f2,
R,0x44172d2,
R,0x4417302,
R,0x4417312,
R,0x44172da,
R,0x18,
R,0x4417312,
R,0x44172d2,
R,0x20,
R,0x4417312,
R,0x44172da,
W,0x44172da,4
R,0x18,
R,0x44172ca,
W,0x44170aa,68096533
R,0x44172ca,
W,0x44172ca,1
R,0x44172ca,
R,0x44172fa,
R,0x44172da,
R,0x44172f2,
R,0x4417312,
R,0x44172d2,
W,0x44172d2,5
R,0x20,
R,0x44172ca,
W,0x44170b2,1850442824
R,0x44172ca,
W,0x44172ca,2
R,0x44172ca,
R,0x44172fa,
W,0x44172c2,0
R,0x441730a,
W,0x44172ba,3
R,0x44172c2,
R,0x44172fa,
R,0x44172c2,
R,0x44170aa,
R,0x4417312,
R,0x44172ba,
W,0x18,68096533
R,0x44172c2,
W,0x44172c2,1
R,0x44172ba,
W,0x44172ba,4
R,0x44172c2,
R,0x44172fa,
R,0x44172c2,
R,0x44170b2,
R,0x4417312,
R,0x44172ba,
W,0x20,1850442824
R,0x44172c2,
W,0x44172c2,2
R,0x44172ba,
W,0x44172ba,5
R,0x44172c2,
R,0x44172fa,
R,0x44172ea,
R,0x441756a,
W,0x441755a,3898134063
W,0x4417552,5
R,0x441757a,
W,0x441754a,0
R,0x4417562,
W,0x4417542,3
W,0x441753a,0
R,0x441753a,
R,0x441756a,
R,0x441754a,
R,0x4417562,
R,0x4417542,
R,0x4417572,
R,0x4417582,
R,0x441754a,
R,0x0,
R,0x4417582,
R,0x4417542,
R,0x18,
R,0x4417582,
R,0x4417542,
W,0x4417542,4
R,0x18,
R,0x441753a,
W,0x44172fa,68096533
R,0x441753a,
W,0x441753a,1
R,0x441753a,
R,0x441756a,
R,0x441754a,
R,0x4417562,
R,0x4417542,
R,0x4417572,
R,0x4417582,
R,0x441754a,
R,0x0,
R,0x4417582,
R,0x4417542,
R,0x20,
R,0x4417582,
R,0x441754a,
W,0x441754a,1
R,0x0,
R,0x441753a,
W,0x4417302,474222644
R,0x441753a,
W,0x441753a,2
R,0x441753a,
R,0x441756a,
R,0x441754a,
R,0x4417562,
R,0x4417542,
R,0x4417572,
R,0x4417582,
R,0x441754a,
R,0x8,
R,0x4417582,
R,0x4417542,
R,0x20,
R,0x4417582,
R,0x441754a,
W,0x441754a,2
R,0x8,
R,0x441753a,
W,0x441730a,524019179
R,0x441753a,
W,0x441753a,3
R,0x441753a,
R,0x441756a,
R,0x441754a,
R,0x4417562,
R,0x4417542,
R,0x4417572,
R,0x4417582,
R,0x441754a,
R,0x10,
R,0x4417582,
R,0x4417542,
R,0x20,
R,0x4417582,
R,0x441754a,
W,0x441754a,3
R,0x10,
R,0x441753a,
W,0x4417312,538633511
R,0x441753a,
W,0x441753a,4
R,0x441753a,
R,0x441756a,
R,0x441754a,
R,0x4417562,
R,0x4417582,
R,0x4417542,
W,0x4417542,5
R,0x20,
R,0x441753a,
W,0x441731a,1850442824
R,0x441753a,
W,0x441753a,5
R,0x441753a,
R,0x441756a,
W,0x4417532,0
R,0x441757a,
W,0x441752a,0
R,0x4417532,
R,0x441756a,
R,0x4417532,
R,0x44172fa,
R,0x4417582,
R,0x441752a,
W,0x0,68096533
R,0x4417532,
W,0x4417532,1
R,0x441752a,
W,0x441752a,1
R,0x4417532,
R,0x441756a,
R,0x4417532,
R,0x4417302,
R,0x4417582,
R,0x441752a,
W,0x8,474222644
R,0x4417532,
W,0x4417532,2
R,0x441752a,
W,0x441752a,2
R,0x4417532,
R,0x441756a,
R,0x4417532,
R,0x441730a,
R,0x4417582,
R,0x441752a,
W,0x10,524019179
R,0x4417532,
W,0x4417532,3
R,0x441752a,
W,0x441752a,3
R,0x4417532,
R,0x441756a,
R,0x4417532,
R,0x4417312,
R,0x4417582,
R,0x441752a,
W,0x18,538633511
R,0x4417532,
W,0x4417532,4
R,0x441752a,
W,0x441752a,4
R,0x4417532,
R,0x441756a,
R,0x4417532,
R,0x441731a,
R,0x4417582,
R,0x441752a,
W,0x20,1850442824
R,0x4417532,
W,0x4417532,5
R,0x441752a,
W,0x441752a,5
R,0x4417532,
R,0x441756a,
R,0x441755a,
R,0x44177f2,
R,0x44177d2,
R,0x44177e2,
W,0x4417582,1142541527
W,0x441757a,5
W,0x4417572,9
R,0x441757a,
R,0x4417572,
R,0x4417572,
R,0x441757a,
W,0x441756a,5
R,0x441757a,
R,0x4417572,
W,0x4417562,7
R,0x4417582,
R,0x441757a,
R,0x4417562,
W,0x4417312,1142541527
W,0x441730a,5
W,0x4417302,7
R,0x441730a,
R,0x4417302,
R,0x4417302,
R,0x441730a,
W,0x44172fa,3
R,0x441730a,
R,0x4417302,
W,0x44172f2,6
R,0x4417312,
R,0x441730a,
R,0x44172f2,
W,0x44170a2,1142541527
W,0x441709a,5
W,0x4417092,6
R,0x441709a,
R,0x4417092,
R,0x4417092,
R,0x441709a,
W,0x441708a,2
R,0x441709a,
R,0x4417092,
W,0x4417082,5
R,0x44170a2,
R,0x441709a,
R,0x4417082,
W,0x4416e32,1142541527
W,0x4416e2a,5
W,0x4416e22,5
R,0x4416e2a,
R,0x4416e22,
R,0x44170a2,
R,0x4417082,
R,0x4417092,
W,0x4416e32,1142541527
W,0x4416e2a,6
W,0x4416e22,6
R,0x4416e2a,
R,0x4416e22,
R,0x441708a,
W,0x441707a,3898132815
W,0x4417072,2
R,0x441709a,
W,0x441706a,5
R,0x4417082,
W,0x4417062,6
W,0x441705a,0
R,0x441705a,
R,0x441708a,
R,0x441706a,
R,0x4417082,
R,0x4417062,
R,0x4417092,
R,0x44170a2,
R,0x441706a,
R,0x28,
R,0x44170a2,
R,0x4417062,
R,0x30,
R,0x44170a2,
R,0x4417062,
W,0x4417062,7
R,0x30,
R,0x441705a,
W,0x4416e3a,310990938
R,0x441705a,
W,0x441705a,1
R,0x441705a,
R,0x441708a,
R,0x441706a,
R,0x4417082,
R,0x4417062,
R,0x4417092,
R,0x44170a2,
R,0x441706a,
W,0x441706a,6
R,0x28,
R,0x441705a,
W,0x4416e42,1916023298
R,0x441705a,
W,0x441705a,2
R,0x441705a,
R,0x441708a,
W,0x4417052,0
R,0x441709a,
W,0x441704a,5
R,0x4417052,
R,0x441708a,
R,0x4417052,
R,0x4416e3a,
R,0x44170a2,
R,0x441704a,
W,0x28,310990938
R,0x4417052,
W,0x4417052,1
R,0x441704a,
W,0x441704a,6
R,0x4417052,
R,0x441708a,
R,0x4417052,
R,0x4416e42,
R,0x44170a2,
R,0x441704a,
W,0x30,1916023298
R,0x4417052,
W,0x4417052,2
R,0x441704a,
W,0x441704a,7
R,0x4417052,
R,0x441708a,
R,0x441707a,
R,0x4417312,
R,0x44172f2,
R,0x4417302,
W,0x44170a2,1142541527
W,0x441709a,7
W,0x4417092,7
R,0x441709a,
R,0x4417092,
R,0x44172fa,
W,0x44172ea,3898133439
W,0x44172e2,3
R,0x441730a,
W,0x44172da,5
R,0x44172f2,
W,0x44172d2,7
W,0x44172ca,0
R,0x44172ca,
R,0x44172fa,
R,0x44172da,
R,0x44172f2,
R,0x44172d2,
R,0x4417302,
R,0x4417312,
R,0x44172da,
R,0x28,
R,0x4417312,
R,0x44172d2,
R,0x38,
R,0x4417312,
R,0x44172da,
W,0x44172da,6
R,0x28,
R,0x44172ca,
W,0x441709a,310990938
R,0x44172ca,
W,0x44172ca,1
R,0x44172ca,
R,0x44172fa,
R,0x44172da,
R,0x44172f2,
R,0x44172d2,
R,0x4417302,
R,0x4417312,
R,0x44172da,
R,0x30,
R,0x4417312,
R,0x44172d2,
R,0x38,
R,0x4417312,
R,0x44172d2,
W,0x44172d2,8
R,0x38,
R,0x44172ca,
W,0x44170a2,1509837661
R,0x44172ca,
W,0x44172ca,2
R,0x44172ca,
R,0x44172fa,
R,0x44172da,
R,0x44172f2,
R,0x44172d2,
R,0x4417302,
R,0x4417312,
R,0x44172da,
W,0x44172da,7
R,0x30,
R,0x44172ca,
W,0x44170aa,1916023298
R,0x44172ca,
W,0x44172ca,3
R,0x44172ca,
R,0x44172fa,
W,0x44172c2,0
R,0x441730a,
W,0x44172ba,5
R,0x44172c2,
R,0x44172fa,
R,0x44172c2,
R,0x441709a,
R,0x4417312,
R,0x44172ba,
W,0x28,310990938
R,0x44172c2,
W,0x44172c2,1
R,0x44172ba,
W,0x44172ba,6
R,0x44172c2,
R,0x44172fa,
R,0x44172c2,
R,0x44170a2,
R,0x4417312,
R,0x44172ba,
W,0x30,1509837661
R,0x44172c2,
W,0x44172c2,2
R,0x44172ba,
W,0x44172ba,7
R,0x44172c2,
R,0x44172fa,
R,0x44172c2,
R,0x44170aa,
R,0x4417312,
R,0x44172ba,
W,0x38,1916023298
R,0x44172c2,
W,0x44172c2,3
R,0x44172ba,
W,0x44172ba,8
R,0x44172c2,
R,0x44172fa,
R,0x44172ea,
R,0x4417582,
R,0x4417562,
R,0x4417572,
W,0x4417312,1142541527
W,0x441730a,8
W,0x4417302,9
R,0x441730a,
R,0x4417302,
R,0x4417302,
R,0x441730a,
W,0x44172fa,2
R,0x441730a,
R,0x4417302,
W,0x44172f2,8
R,0x4417312,
R,0x441730a,
R,0x44172f2,
W,0x44170a2,1142541527
W,0x441709a,8
W,0x4417092,8
R,0x441709a,
R,0x4417092,
R,0x4417312,
R,0x44172f2,
R,0x4417302,
W,0x44170a2,1142541527
W,0x441709a,9
W,0x4417092,9
R,0x441709a,
R,0x4417092,
R,0x44172fa,
W,0x44172ea,3898133439
W,0x44172e2,2
R,0x441730a,
W,0x44172da,8
R,0x44172f2,
W,0x44172d2,9
W,0x44172ca,0
R,0x44172ca,
R,0x44172fa,
R,0x44172da,
R,0x44172f2,
R,0x44172d2,
R,0x4417302,
R,0x4417312,
R,0x44172da,
R,0x40,
R,0x4417312,
R,0x44172d2,
R,0x48,
R,0x4417312,
R,0x44172d2,
W,0x44172d2,10
R,0x48,
R,0x44172ca,
W,0x44170aa,678166610
R,0x44172ca,
W,0x44172ca,1
R,0x44172ca,
R,0x44172fa,
R,0x44172da,
R,0x44172f2,
R,0x44172d2,
R,0x4417302,
R,0x4417312,
R,0x44172da,
W,0x44172da,9
R,0x40,
R,0x44172ca,
W,0x44170b2,1778458847
R,0x44172ca,
W,0x44172ca,2
R,0x44172ca,
R,0x44172fa,
W,0x44172c2,0
R,0x441730a,
W,0x44172ba,8
R,0x44172c2,
R,0x44172fa,
R,0x44172c2,
R,0x44170aa,
R,0x4417312,
R,0x44172ba,
W,0x40,678166610
R,0x44172c2,
W,0x44172c2,1
R,0x44172ba,
W,0x44172ba,9
R,0x44172c2,
R,0x44172fa,
R,0x44172c2,
R,0x44170b2,
R,0x4417312,
R,0x44172ba,
W,0x48,1778458847
R,0x44172c2,
W,0x44172c2,2
R,0x44172ba,
W,0x44172ba,10
R,0x44172c2,
R,0x44172fa,
R,0x44172ea,
R,0x441756a,
W,0x441755a,3898134063
W,0x4417552,5
R,0x441757a,
W,0x441754a,5
R,0x4417562,
W,0x4417542,8
W,0x441753a,0
R,0x441753a,
R,0x441756a,
R,0x441754a,
R,0x4417562,
R,0x4417542,
R,0x4417572,
R,0x4417582,
R,0x441754a,
R,0x28,
R,0x4417582,
R,0x4417542,
R,0x40,
R,0x4417582,
R,0x441754a,
W,0x441754a,6
R,0x28,
R,0x441753a,
W,0x44172fa,310990938
R,0x441753a,
W,0x441753a,1
R,0x441753a,
R,0x441756a,
R,0x441754a,
R,0x4417562,
R,0x4417542,
R,0x4417572,
R,0x4417582,
R,0x441754a,
R,0x30,
R,0x4417582,
R,0x4417542,
R,0x40,
R,0x4417582,
R,0x4417542,
W,0x4417542,9
R,0x40,
R,0x441753a,
W,0x4417302,678166610
R,0x441753a,
W,0x441753a,2
R,0x441753a,
R,0x441756a,
R,0x441754a,
R,0x4417562,
R,0x4417542,
R,0x4417572,
R,0x4417582,
R,0x441754a,
R,0x30,
R,0x4417582,
R,0x4417542,
R,0x48,
R,0x4417582,
R,0x441754a,
W,0x441754a,7
R,0x30,
R,0x441753a,
W,0x441730a,1509837661
R,0x441753a,
W,0x441753a,3
R,0x441753a,
R,0x441756a,
R,0x441754a,
R,0x4417562,
R,0x4417542,
R,0x4417572,
R,0x4417582,
R,0x441754a,
R,0x38,
R,0x4417582,
R,0x4417542,
R,0x48,
R,0x4417582,
R,0x4417542,
W,0x4417542,10
R,0x48,
R,0x441753a,
W,0x4417312,1778458847
R,0x441753a,
W,0x441753a,4
R,0x441753a,
R,0x441756a,
R,0x441754a,
R,0x4417562,
R,0x4417542,
R,0x4417572,
R,0x4417582,
R,0x441754a,
W,0x441754a,8
R,0x38,
R,0x441753a,
W,0x441731a,1916023298
R,0x441753a,
W,0x441753a,5
R,0x441753a,
R,0x441756a,
W,0x4417532,0
R,0x441757a,
W,0x441752a,5
R,0x4417532,
R,0x441756a,
R,0x4417532,
R,0x44172fa,
R,0x4417582,
R,0x441752a,
W,0x28,310990938
R,0x4417532,
W,0x4417532,1
R,0x441752a,
W,0x441752a,6
R,0x4417532,
R,0x441756a,
R,0x4417532,
R,0x4417302,
R,0x4417582,
R,0x441752a,
W,0x30,678166610
R,0x4417532,
W,0x4417532,2
R,0x441752a,
W,0x441752a,7
R,0x4417532,
R,0x441756a,
R,0x4417532,
R,0x441730a,
R,0x4417582,
R,0x441752a,
W,0x38,1509837661
R,0x4417532,
W,0x4417532,3
R,0x441752a,
W,0x441752a,8
R,0x4417532,
R,0x441756a,
R,0x4417532,
R,0x4417312,
R,0x4417582,
R,0x441752a,
W,0x40,1778458847
R,0x4417532,
W,0x4417532,4
R,0x441752a,
W,0x441752a,9
R,0x4417532,
R,0x441756a,
R,0x4417532,
R,0x441731a,
R,0x4417582,
R,0x441752a,
W,0x48,1916023298
R,0x4417532,
W,0x4417532,5
R,0x441752a,
W,0x441752a,10
R,0x4417532,
R,0x441756a,
R,0x441755a,
R,0x44177da,
W,0x44177ca,3898134687
W,0x44177c2,10
R,0x44177ea,
W,0x44177ba,0
R,0x44177d2,
W,0x44177b2,5
W,0x44177aa,0
R,0x44177aa,
R,0x44177da,
R,0x44177ba,
R,0x44177d2,
R,0x44177b2,
R,0x44177e2,
R,0x44177f2,
R,0x44177ba,
R,0x0,
R,0x44177f2,
R,0x44177b2,
R,0x28,
R,0x44177f2,
R,0x44177ba,
W,0x44177ba,1
R,0x0,
R,0x44177aa,
W,0x441754a,68096533
R,0x44177aa,
W,0x44177aa,1
R,0x44177aa,
R,0x44177da,
R,0x44177ba,
R,0x44177d2,
R,0x44177b2,
R,0x44177e2,
R,0x44177f2,
R,0x44177ba,
R,0x8,
R,0x44177f2,
R,0x44177b2,
R,0x28,
R,0x44177f2,
R,0x44177b2,
W,0x44177b2,6
R,0x28,
R,0x44177aa,
W,0x4417552,310990938
R,0x44177aa,
W,0x44177aa,2
R,0x44177aa,
R,0x44177da,
R,0x44177ba,
R,0x44177d2,
R,0x44177b2,
R,0x44177e2,
R,0x44177f2,
R,0x44177ba,
R,0x8,
R,0x44177f2,
R,0x44177b2,
R,0x30,
R,0x44177f2,
R,0x44177ba,
W,0x44177ba,2
R,0x8,
R,0x44177aa,
W,0x441755a,474222644
R,0x44177aa,
W,0x44177aa,3
R,0x44177aa,
R,0x44177da,
R,0x44177ba,
R,0x44177d2,
R,0x44177b2,
R,0x44177e2,
R,0x44177f2,
R,0x44177ba,
R,0x10,
R,0x44177f2,
R,0x44177b2,
R,0x30,
R,0x44177f2,
R,0x44177ba,
W,0x44177ba,3
R,0x10,
R,0x44177aa,
W,0x4417562,524019179
R,0x44177aa,
W,0x44177aa,4
R,0x44177aa,
R,0x44177da,
R,0x44177ba,
R,0x44177d2,
R,0x44177b2,
R,0x44177e2,
R,0x44177f2,
R,0x44177ba,
R,0x18,
R,0x44177f2,
R,0x44177b2,
R,0x30,
R,0x44177f2,
R,0x44177ba,
W,0x44177ba,4
R,0x18,
R,0x44177aa,
W,0x441756a,538633511
R,0x44177aa,
W,0x44177aa,5
R,0x44177aa,
R,0x44177da,
R,0x44177ba,
R,0x44177d2,
R,0x44177b2,
R,0x44177e2,
R,0x44177f2,
R,0x44177ba,
R,0x20,
R,0x44177f2,
R,0x44177b2,
R,0x30,
R,0x44177f2,
R,0x44177b2,
W,0x44177b2,7
R,0x30,
R,0x44177aa,
W,0x4417572,678166610
R,0x44177aa,
W,0x44177aa,6
R,0x44177aa,
R,0x44177da,
R,0x44177ba,
R,0x44177d2,
R,0x44177b2,
R,0x44177e2,
R,0x44177f2,
R,0x44177ba,
R,0x20,
R,0x44177f2,
R,0x44177b2,
R,0x38,
R,0x44177f2,
R,0x44177b2,
W,0x44177b2,8
R,0x38,
R,0x44177aa,
W,0x441757a,1509837661
R,0x44177aa,
W,0x44177aa,7
R,0x44177aa,
R,0x44177da,
R,0x44177ba,
R,0x44177d2,
R,0x44177b2,
R,0x44177e2,
R,0x44177f2,
R,0x44177ba,
R,0x20,
R,0x44177f2,
R,0x44177b2,
R,0x40,
R,0x44177f2,
R,0x44177b2,
W,0x44177b2,9
R,0x40,
R,0x44177aa,
W,0x4417582,1778458847
R,0x44177aa,
W,0x44177aa,8
R,0x44177aa,
R,0x44177da,
R,0x44177ba,
R,0x44177d2,
R,0x44177b2,
R,0x44177e2,
R,0x44177f2,
R,0x44177ba,
R,0x20,
R,0x44177f2,
R,0x44177b2,
R,0x48,
R,0x44177f2,
R,0x44177ba,
W,0x44177ba,5
R,0x20,
R,0x44177aa,
W,0x441758a,1850442824
R,0x44177aa,
W,0x44177aa,9
R,0x44177aa,
R,0x44177da,
R,0x44177ba,
R,0x44177d2,
R,0x44177f2,
R,0x44177b2,
W,0x44177b2,10
R,0x48,
R,0x44177aa,
W,0x4417592,1916023298
R,0x44177aa,
W,0x44177aa,10
R,0x44177aa,
R,0x44177da,
W,0x44177a2,0
R,0x44177ea,
W,0x441779a,0
R,0x44177a2,
R,0x44177da,
R,0x44177a2,
R,0x441754a,
R,0x44177f2,
R,0x441779a,
W,0x0,68096533
R,0x44177a2,
W,0x44177a2,1
R,0x441779a,
W,0x441779a,1
R,0x44177a2,
R,0x44177da,
R,0x44177a2,
R,0x4417552,
R,0x44177f2,
R,0x441779a,
W,0x8,310990938
R,0x44177a2,
W,0x44177a2,2
R,0x441779a,
W,0x441779a,2
R,0x44177a2,
R,0x44177da,
R,0x44177a2,
R,0x441755a,
R,0x44177f2,
R,0x441779a,
W,0x10,474222644
R,0x44177a2,
W,0x44177a2,3
R,0x441779a,
W,0x441779a,3
R,0x44177a2,
R,0x44177da,
R,0x44177a2,
R,0x4417562,
R,0x44177f2,
R,0x441779a,
W,0x18,524019179
R,0x44177a2,
W,0x44177a2,4
R,0x441779a,
W,0x441779a,4
R,0x44177a2,
R,0x44177da,
R,0x44177a2,
R,0x441756a,
R,0x44177f2,
R,0x441779a,
W,0x20,538633511
R,0x44177a2,
W,0x44177a2,5
R,0x441779a,
W,0x441779a,5
R,0x44177a2,
R,0x44177da,
R,0x44177a2,
R,0x4417572,
R,0x44177f2,
R,0x441779a,
W,0x28,678166610
R,0x44177a2,
W,0x44177a2,6
R,0x441779a,
W,0x441779a,6
R,0x44177a2,
R,0x44177da,
R,0x44177a2,
R,0x441757a,
R,0x44177f2,
R,0x441779a,
W,0x30,1509837661
R,0x44177a2,
W,0x44177a2,7
R,0x441779a,
W,0x441779a,7
R,0x44177a2,
R,0x44177da,
R,0x44177a2,
R,0x4417582,
R,0x44177f2,
R,0x441779a,
W,0x38,1778458847
R,0x44177a2,
W,0x44177a2,8
R,0x441779a,
W,0x441779a,8
R,0x44177a2,
R,0x44177da,
R,0x44177a2,
R,0x441758a,
R,0x44177f2,
R,0x441779a,
W,0x40,1850442824
R,0x44177a2,
W,0x44177a2,9
R,0x441779a,
W,0x441779a,9
R,0x44177a2,
R,0x44177da,
R,0x44177a2,
R,0x4417592,
R,0x44177f2,
R,0x441779a,
W,0x48,1916023298
R,0x44177a2,
W,0x44177a2,10
R,0x441779a,
W,0x441779a,10
R,0x44177a2,
R,0x44177da,
R,0x44177ca,
W,0x44178da,3898135543
R,0x44178da,
W,0x44177ea,3898135543
R,0x44177ea,
W,0x44177c2,3898135287
W,0x44177ba,3898135543
R,0x44177c2,
R,0x44177ba,
R,0x44178f2,
W,0x44177f2,1142541527
R,0x44177f2,
W,0x44178d2,1142541527
R,0x44178da,
W,0x44177ea,3898135543
R,0x44177ea,
W,0x44177c2,3898135287
W,0x44177ba,3898135551
R,0x44177c2,
R,0x44177ba,
R,0x44178fa,
W,0x44177f2,1142541607
R,0x44177f2,
W,0x44178ca,1142541607
W,0x44177f2,3898135511
W,0x44177ea,3898135503
R,0x44177f2,
W,0x44177a2,3898135511
R,0x44177a2,
R,0x44178d2,
R,0x44177ea,
W,0x44177a2,3898135503
R,0x44177a2,
R,0x44178ca,
W,0x44177f2,3898135511
R,0x44177f2,
R,0x44178d2,
W,0x44178c2,1142541527
R,0x44178c2,
R,0x0,
W,0x44177f2,3898135511
R,0x44177f2,
R,0x44178d2,
W,0x44178d2,1142541535
W,0x44177f2,3898135511
W,0x44177ea,3898135503
R,0x44177f2,
W,0x44177a2,3898135511
R,0x44177a2,
R,0x44178d2,
R,0x44177ea,
W,0x44177a2,3898135503
R,0x44177a2,
R,0x44178ca,
W,0x44177f2,3898135511
R,0x44177f2,
R,0x44178d2,
W,0x44178c2,1142541535
R,0x44178c2,
R,0x8,
W,0x44177f2,3898135511
R,0x44177f2,
R,0x44178d2,
W,0x44178d2,1142541543
W,0x44177f2,3898135511
W,0x44177ea,3898135503
R,0x44177f2,
W,0x44177a2,3898135511
R,0x44177a2,
R,0x44178d2,
R,0x44177ea,
W,0x44177a2,3898135503
R,0x44177a2,
R,0x44178ca,
W,0x44177f2,3898135511
R,0x44177f2,
R,0x44178d2,
W,0x44178c2,1142541543
R,0x44178c2,
R,0x10,
W,0x44177f2,3898135511
R,0x44177f2,
R,0x44178d2,
W,0x44178d2,1142541551
W,0x44177f2,3898135511
W,0x44177ea,3898135503
R,0x44177f2,
W,0x44177a2,3898135511
R,0x44177a2,
R,0x44178d2,
R,0x44177ea,
W,0x44177a2,3898135503
R,0x44177a2,
R,0x44178ca,
W,0x44177f2,3898135511
R,0x44177f2,
R,0x44178d2,
W,0x44178c2,1142541551
R,0x44178c2,
R,0x18,
W,0x44177f2,3898135511
R,0x44177f2,
R,0x44178d2,
W,0x44178d2,1142541559
W,0x44177f2,3898135511
W,0x44177ea,3898135503
R,0x44177f2,
W,0x44177a2,3898135511
R,0x44177a2,
R,0x44178d2,
R,0x44177ea,
W,0x44177a2,3898135503
R,0x44177a2,
R,0x44178ca,
W,0x44177f2,3898135511
R,0x44177f2,
R,0x44178d2,
W,0x44178c2,1142541559
R,0x44178c2,
R,0x20,
W,0x44177f2,3898135511
R,0x44177f2,
R,0x44178d2,
W,0x44178d2,1142541567
W,0x44177f2,3898135511
W,0x44177ea,3898135503
R,0x44177f2,
W,0x44177a2,3898135511
R,0x44177a2,
R,0x44178d2,
R,0x44177ea,
W,0x44177a2,3898135503
R,0x44177a2,
R,0x44178ca,
W,0x44177f2,3898135511
R,0x44177f2,
R,0x44178d2,
W,0x44178c2,1142541567
R,0x44178c2,
R,0x28,
W,0x44177f2,3898135511
R,0x44177f2,
R,0x44178d2,
W,0x44178d2,1142541575
W,0x44177f2,3898135511
W,0x44177ea,3898135503
R,0x44177f2,
W,0x44177a2,3898135511
R,0x44177a2,
R,0x44178d2,
R,0x44177ea,
W,0x44177a2,3898135503
R,0x44177a2,
R,0x44178ca,
W,0x44177f2,3898135511
R,0x44177f2,
R,0x44178d2,
W,0x44178c2,1142541575
R,0x44178c2,
R,0x30,
W,0x44177f2,3898135511
R,0x44177f2,
R,0x44178d2,
W,0x44178d2,1142541583
W,0x44177f2,3898135511
W,0x44177ea,3898135503
R,0x44177f2,
W,0x44177a2,3898135511
R,0x44177a2,
R,0x44178d2,
R,0x44177ea,
W,0x44177a2,3898135503
R,0x44177a2,
R,0x44178ca,
W,0x44177f2,3898135511
R,0x44177f2,
R,0x44178d2,
W,0x44178c2,1142541583
R,0x44178c2,
R,0x38,
W,0x44177f2,3898135511
R,0x44177f2,
R,0x44178d2,
W,0x44178d2,1142541591
W,0x44177f2,3898135511
W,0x44177ea,3898135503
R,0x44177f2,
W,0x44177a2,3898135511
R,0x44177a2,
R,0x44178d2,
R,0x44177ea,
W,0x44177a2,3898135503
R,0x44177a2,
R,0x44178ca,
W,0x44177f2,3898135511
R,0x44177f2,
R,0x44178d2,
W,0x44178c2,1142541591
R,0x44178c2,
R,0x40,
W,0x44177f2,3898135511
R,0x44177f2,
R,0x44178d2,
W,0x44178d2,1142541599
W,0x44177f2,3898135511
W,0x44177ea,3898135503
R,0x44177f2,
W,0x44177a2,3898135511
R,0x44177a2,
R,0x44178d2,
R,0x44177ea,
W,0x44177a2,3898135503
R,0x44177a2,
R,0x44178ca,
W,0x44177f2,3898135511
R,0x44177f2,
R,0x44178d2,
W,0x44178c2,1142541599
R,0x44178c2,
R,0x48,
W,0x44177f2,3898135511
R,0x44177f2,
R,0x44178d2,
W,0x44178d2,1142541607
W,0x44177f2,3898135511
W,0x44177ea,3898135503
R,0x44177f2,
W,0x44177a2,3898135511
R,0x44177a2,
R,0x44178d2,
R,0x44177ea,
W,0x44177a2,3898135503
R,0x44177a2,
R,0x44178ca,
W,0x4417926,0
W,0x44177da,3898135543
R,0x44177da,
R,0x44178f2,
R,0x44178fa,
W,0x4417782,3898135543
R,0x4417782,
W,0x44177f2,1142541527
W,0x44177ea,1142541607
W,0x44177e2,3898135543
R,0x44177f2,
R,0x44177ea,
W,0x4417782,1142541527
W,0x441777a,1142541607
R,0x4417782,
R,0x441777a,
W,0x4417742,1142541527
W,0x441773a,1142541607
W,0x4417782,3898135543
R,0x4417782,
R,0x44178f2,
R,0x4417902,
R,0x44178f2,
W,0x441772a,3898135543
W,0x4417722,1142541527
W,0x441771a,10
R,0x441772a,
R,0x4417722,
R,0x4417722,
R,0x441771a,
W,0x4417742,3898135543
W,0x441773a,1142541527
W,0x4417732,10
R,0x4417742,
R,0x441773a,
R,0x4417732,
W,0x44176b2,3898135543
W,0x44176aa,1142541527
W,0x44176a2,10
R,0x44176b2,
R,0x44176aa,
W,0x441773a,3898135543
R,0x441773a,
W,0x4417742,3898135543
R,0x4417742,
W,0x4417712,3898135543
R,0x4417712,
R,0x4417926,
